{
    "[RIVER, TIME] One Step LK": 4.610893249511719,
    "[RIVER, MSE] Original video": 363.15032958984375,
    "[RIVER, MSE] One Step LK": 298.93695068359375,
    "[RIVER, TIME] Full LK": 44.397101402282715,
    "[RIVER, MSE] Full LK": 40.64019012451172,
    "[RIVER, MSE] Full to Original Ratio": 8.935743865302769
}