{
    "[RIVER, TIME] One Step LK": 2.8800041675567627,
    "[RIVER, MSE] Original video": 46.84747208436725,
    "[RIVER, MSE] One Step LK": 1799.3297343809631,
    "[RIVER, TIME] Full LK": 0.013679981231689453,
    "[RIVER, MSE] Full LK": 364.8028070719603
}