{
    "[RIVER, TIME] One Step LK": 2.3973469734191895,
    "[RIVER, MSE] Original video": 363.15032958984375,
    "[RIVER, MSE] One Step LK": 298.93695068359375,
    "[RIVER, TIME] Full LK": 24.555769205093384,
    "[RIVER, MSE] Full LK": 40.64019012451172,
    "[RIVER, MSE] Full to Original Ratio": 8.935743865302769
}