{
    "[TAU, TIME] naive LK implementation": 3112.754831790924,
    "[TAU, TIME] FASTER LK implementation": 211.64421105384827,
    "[TAU, TIME] FASTER, WITHOUT BORDERS LK implementation ": 211.78760933876038,
    "[TAU, MSE] original video ": 505.480696096303,
    "[TAU, MSE] naive implementation ": 66.23020528775801,
    "[TAU, MSE] FASTER implementation ": 65.45992669309122,
    "[TAU, MSE] FASTER, WITHOUT BORDERS LK implementation ": 42.66412067226415
}