{
    "10": [
        291.2301090122048,
        134.14992971300197,
        16.0,
        43.0
    ],
    "20": [
        285.70994955814217,
        129.1698826016091,
        16.0,
        43.0
    ],
    "30": [
        280.81966192838803,
        124.84008930994813,
        16.0,
        43.0
    ],
    "40": [
        276.52984711949057,
        119.5597489076086,
        16.0,
        43.0
    ],
    "50": [
        270.0103047792374,
        114.66995847551732,
        16.0,
        43.0
    ],
    "60": [
        265.8100445675601,
        111.11038808193224,
        16.0,
        43.0
    ],
    "70": [
        262.05996941961774,
        107.1301521933425,
        16.0,
        43.0
    ],
    "80": [
        257.2599420622072,
        104.34009024406454,
        16.0,
        43.0
    ],
    "90": [
        252.3099229619946,
        98.09991767258602,
        16.0,
        43.0
    ],
    "100": [
        246.27963852794304,
        93.05973551426052,
        16.0,
        43.0
    ],
    "110": [
        243.38964878632936,
        90.11948391522971,
        16.0,
        43.0
    ]
}